{
  "Statistics Instruments" : {
    "transaction" : "Statistics Instruments",
    "sampleCount" : 125,
    "errorCount" : 0,
    "errorPct" : 0.0,
    "meanResTime" : 9.599999999999998,
    "medianResTime" : 5.0,
    "minResTime" : 2.0,
    "maxResTime" : 256.0,
    "pct1ResTime" : 17.400000000000006,
    "pct2ResTime" : 23.099999999999966,
    "pct3ResTime" : 203.21999999999895,
    "throughput" : 0.416914035661159,
    "receivedKBytesPerSec" : 0.10590267933974158,
    "sentKBytesPerSec" : 0.13456877643234985
  },
  "Ticks" : {
    "transaction" : "Ticks",
    "sampleCount" : 124,
    "errorCount" : 0,
    "errorPct" : 0.0,
    "meanResTime" : 8.016129032258064,
    "medianResTime" : 4.0,
    "minResTime" : 2.0,
    "maxResTime" : 352.0,
    "pct1ResTime" : 10.0,
    "pct2ResTime" : 13.75,
    "pct3ResTime" : 272.5,
    "throughput" : 0.4145729063232398,
    "receivedKBytesPerSec" : 0.0425980713583615,
    "sentKBytesPerSec" : 0.21599739471018345
  },
  "Total" : {
    "transaction" : "Total",
    "sampleCount" : 373,
    "errorCount" : 0,
    "errorPct" : 0.0,
    "meanResTime" : 8.667560321715818,
    "medianResTime" : 4.0,
    "minResTime" : 2.0,
    "maxResTime" : 352.0,
    "pct1ResTime" : 13.0,
    "pct2ResTime" : 18.0,
    "pct3ResTime" : 105.77999999999815,
    "throughput" : 1.2440714824128982,
    "receivedKBytesPerSec" : 0.23597008704331238,
    "sentKBytesPerSec" : 0.48055531177665417
  },
  "Statistics" : {
    "transaction" : "Statistics",
    "sampleCount" : 124,
    "errorCount" : 0,
    "errorPct" : 0.0,
    "meanResTime" : 8.379032258064516,
    "medianResTime" : 4.0,
    "minResTime" : 2.0,
    "maxResTime" : 256.0,
    "pct1ResTime" : 14.0,
    "pct2ResTime" : 17.0,
    "pct3ResTime" : 198.5,
    "throughput" : 0.4144551252055564,
    "receivedKBytesPerSec" : 0.08775706036004118,
    "sentKBytesPerSec" : 0.13078367531451796
  }
}